Model,Variant,Balanced Accuracy CV mean,Balanced Accuracy CV std,Macro F1 CV mean,Macro F1 CV std,Balanced Accuracy drop mean,Macro F1 drop mean,Recall Low CV mean,Recall Medium CV mean,Recall High CV mean
Decision Tree,All features,0.9780,0.0121,0.9796,0.0044,0.0000,0.0000,0.9972,0.9928,0.9440
Decision Tree,Without Soil_Moisture,0.6531,0.0295,0.6498,0.0238,0.3249,0.3298,0.8269,0.7053,0.4272
Decision Tree,Without Temperature_C,0.7924,0.0392,0.7915,0.0282,0.1856,0.1881,0.8932,0.8263,0.6576
Decision Tree,Without Rainfall_mm,0.7667,0.0131,0.7580,0.0163,0.2113,0.2217,0.9075,0.8349,0.5578
Decision Tree,Without Crop_Growth_Stage,0.6762,0.0228,0.6705,0.0178,0.3018,0.3091,0.7954,0.6461,0.5871
Decision Tree,Without Mulching_Used,0.7808,0.0150,0.7871,0.0125,0.1972,0.1925,0.8960,0.8036,0.6429
Decision Tree,Without all five selected features,0.3678,0.0165,0.3668,0.0158,0.6102,0.6128,0.5999,0.4181,0.0853
CatBoost,All features,0.9941,0.0060,0.9953,0.0035,0.0000,0.0000,0.9979,0.9957,0.9887
CatBoost,Without Soil_Moisture,0.6122,0.0271,0.6493,0.0369,0.3820,0.3460,0.9834,0.6599,0.1932
CatBoost,Without Temperature_C,0.7293,0.0253,0.7650,0.0241,0.2649,0.2303,0.9650,0.7730,0.4497
CatBoost,Without Rainfall_mm,0.7882,0.0153,0.8411,0.0141,0.2059,0.1542,0.9955,0.8707,0.4983
CatBoost,Without Crop_Growth_Stage,0.6332,0.0184,0.6570,0.0196,0.3609,0.3382,0.8265,0.6378,0.4352
CatBoost,Without Mulching_Used,0.7664,0.0296,0.7833,0.0243,0.2277,0.2120,0.8996,0.8010,0.5986
CatBoost,Without all five selected features,0.3752,0.0049,0.3650,0.0056,0.6190,0.6303,0.7962,0.3293,0.0000
Decision Tree,Without Wind_Speed_kmh,0.7942,0.0170,0.7911,0.0106,0.1838,0.1885,0.8994,0.8145,0.6688
Decision Tree,Without all six selected features,0.3321,0.0082,0.3318,0.0081,0.6459,0.6478,0.5624,0.3931,0.0410
CatBoost,Without Wind_Speed_kmh,0.7752,0.0252,0.7825,0.0219,0.2189,0.2128,0.9028,0.8059,0.6170
CatBoost,Without all six selected features,0.3368,0.0040,0.2747,0.0060,0.6573,0.7206,0.9571,0.0533,0.0000
