Model,Variant,Balanced Accuracy CV mean,Balanced Accuracy CV std,Macro F1 CV mean,Macro F1 CV std,Balanced Accuracy drop mean,Macro F1 drop mean,Recall Low CV mean,Recall Medium CV mean,Recall High CV mean,Balanced Accuracy drop from saved means
Decision Tree,All features,0.9780,0.0121,0.9796,0.0044,0.0000,0.0000,0.9972,0.9928,0.9440,0.0000
Decision Tree,Without Soil_Moisture,0.6531,0.0295,0.6498,0.0238,0.3249,0.3298,0.8269,0.7053,0.4272,0.3249
Decision Tree,Without Crop_Growth_Stage,0.6762,0.0228,0.6705,0.0178,0.3018,0.3091,0.7954,0.6461,0.5871,0.3018
Decision Tree,Without Wind_Speed_kmh,0.7942,0.0170,0.7911,0.0106,0.1838,0.1885,0.8994,0.8145,0.6688,0.1838
Decision Tree,Without all six selected features,0.3321,0.0082,0.3318,0.0081,0.6459,0.6478,0.5624,0.3931,0.0410,0.6459
CatBoost,All features,0.9941,0.0060,0.9953,0.0035,0.0000,0.0000,0.9979,0.9957,0.9887,0.0000
CatBoost,Without Soil_Moisture,0.6122,0.0271,0.6493,0.0369,0.3820,0.3460,0.9834,0.6599,0.1932,0.3819
CatBoost,Without Crop_Growth_Stage,0.6332,0.0184,0.6570,0.0196,0.3609,0.3382,0.8265,0.6378,0.4352,0.3609
CatBoost,Without Wind_Speed_kmh,0.7752,0.0252,0.7825,0.0219,0.2189,0.2128,0.9028,0.8059,0.6170,0.2189
CatBoost,Without all six selected features,0.3368,0.0040,0.2747,0.0060,0.6573,0.7206,0.9571,0.0533,0.0000,0.6573
